timestamp,window_id,slug,action,side,amount,amount_kind,signal_shares,signal_usd_value,price,reason,executed,current_atr,secs_to_end,time_pct,spot_price,spot_velocity_usd_per_sec,spot_smoothed_velocity_usd_per_sec,spot_acceleration_usd_per_sec2,ptb,ptb_delta_usd,ptb_delta_pct,up_bid,up_ask,down_bid,down_ask,up_shares,down_shares,spent,returned,mtm,unrealized_pnl
1780394105692,1,btc-updown-5m-1780394100,SELL,UP,6.25000000,shares,6.25000000,3.8750,0.6200,tvds_strong_grid_exit_step_1_0.62_zone_near_usd_8.96_pct_0.0129_vel_neutral,true,59.1500,294,2.00,69305.5672,0.354722,0.304056,0.011066,69296.6090,8.9583,0.012927,0.6200,0.6300,0.3700,0.4100,25.00000000,25.50000000,25.5000,0.0000,24.9350,-0.5650
1780394114641,1,btc-updown-5m-1780394100,SELL,UP,6.25000000,shares,6.25000000,4.5000,0.7200,tvds_strong_grid_exit_step_2_0.72_zone_moderate_usd_27.23_pct_0.0393_vel_neutral,true,59.1500,285,5.00,69323.8433,1.239373,1.024950,-0.089529,69296.6090,27.2343,0.039301,0.7200,0.7300,0.2800,0.3100,18.75000000,25.50000000,25.5000,3.8750,20.6400,-0.9850
1780394114657,1,btc-updown-5m-1780394100,SELL,UP,3.75000000,shares,3.75000000,2.8125,0.7500,tvds_strong_grid_exit_step_3_0.75_zone_moderate_usd_27.23_pct_0.0393_vel_neutral,true,59.1500,285,5.00,69323.8433,1.239373,1.024950,-0.089529,69296.6090,27.2343,0.039301,0.7500,0.7600,0.2500,0.3100,12.50000000,25.50000000,25.5000,8.3750,15.7500,-1.3750
1780394189465,1,btc-updown-5m-1780394100,SELL,DOWN,25.50000000,shares,25.50000000,7.6500,0.3000,tvds_weak_exit_mid_moderate_take_30_bid_ge_0.30_zone_moderate_usd_31.31_pct_0.0452_vel_neutral,true,59.1500,210,30.00,69327.9141,-0.992735,-0.628565,0.204237,69296.6090,31.3052,0.045176,0.7000,0.7100,0.3000,0.3100,8.75000000,25.50000000,25.5000,11.1875,13.7750,-0.5375
1780394486455,2,btc-updown-5m-1780394400,SELL,DOWN,6.25000000,shares,6.25000000,3.8750,0.6200,tvds_strong_grid_exit_step_1_0.62_zone_near_usd_4.39_pct_0.0063_vel_neutral,true,59.1500,213,29.00,69317.7878,-0.478793,-0.331956,-0.031675,69322.1784,-4.3906,-0.006334,0.3800,0.3900,0.6200,0.6300,25.00000000,25.00000000,25.5000,0.0000,25.0000,-0.5000
1780394499649,2,btc-updown-5m-1780394400,SELL,DOWN,6.25000000,shares,6.25000000,4.5000,0.7200,tvds_strong_grid_exit_step_2_0.72_zone_near_usd_20.47_pct_0.0295_vel_neutral,true,59.1500,200,33.33,69301.7105,-0.880222,-0.730529,0.063736,69322.1784,-20.4679,-0.029526,0.2800,0.3000,0.7200,0.7300,25.00000000,18.75000000,25.5000,3.8750,20.5000,-1.1250
1780394527239,2,btc-updown-5m-1780394400,SELL,DOWN,3.75000000,shares,3.75000000,2.8500,0.7600,tvds_strong_grid_exit_step_3_0.75_zone_near_usd_22.75_pct_0.0328_vel_neutral,true,59.1500,172,42.67,69299.4245,-0.020676,-0.401115,0.034917,69322.1784,-22.7540,-0.032824,0.2200,0.2400,0.7600,0.7800,25.00000000,12.50000000,25.5000,8.3750,15.0000,-2.1250
1780394579145,2,btc-updown-5m-1780394400,SELL,UP,25.00000000,shares,25.00000000,5.0000,0.2000,tvds_weak_exit_late_moderate_take_20_bid_ge_0.20_zone_moderate_usd_47.20_pct_0.0681_vel_neutral,true,59.1500,120,60.00,69274.9793,0.756050,1.295408,-0.096368,69322.1784,-47.1991,-0.068087,0.2000,0.2100,0.8500,0.8600,25.00000000,8.75000000,25.5000,11.2250,12.4375,-1.8375
1780394795147,3,btc-updown-5m-1780394700,SELL,DOWN,6.37500000,shares,6.37500000,3.7612,0.5900,tvds_strong_grid_exit_step_1_0.58_zone_near_usd_4.52_pct_0.0065_vel_neutral,true,59.1500,204,32.00,69412.0341,-0.397613,-0.429965,0.039471,69416.5508,-4.5167,-0.006507,0.4000,0.4100,0.5900,0.6000,24.51923077,25.50000000,25.5000,0.0000,24.8527,-0.6473
1780394802666,3,btc-updown-5m-1780394700,SELL,UP,6.12980769,shares,6.12980769,3.6166,0.5900,tvds_strong_grid_exit_step_1_0.58_zone_near_usd_7.01_pct_0.0101_vel_neutral,true,59.1500,197,34.33,69409.5418,-0.090279,-0.070255,0.278304,69416.5508,-7.0089,-0.010097,0.5900,0.6000,0.4000,0.4700,24.51923077,19.12500000,25.5000,3.7612,22.1163,0.3776
1780394810097,3,btc-updown-5m-1780394700,SELL,UP,18.38942308,shares,18.38942308,11.9531,0.6500,tvds_weak_exit_mid_near_strike_wait_reversal_bid_ge_0.65_zone_near_usd_15.72_pct_0.0226_vel_neutral,true,59.1500,189,37.00,69432.2732,0.870333,1.117360,-0.110174,69416.5508,15.7225,0.022649,0.6500,0.6600,0.3600,0.3700,18.38942308,19.12500000,25.5000,7.3778,18.8381,0.7160
1780395010471,4,btc-updown-5m-1780395000,SELL,DOWN,6.25000000,shares,6.25000000,3.9375,0.6300,tvds_strong_grid_exit_step_1_0.62_zone_near_usd_13.62_pct_0.0196_vel_neutral,true,54.3071,289,3.67,69519.0110,-0.995938,-0.658994,-0.072510,69532.6284,-13.6173,-0.019584,0.3700,0.4100,0.6300,0.6400,25.00000000,25.00000000,25.5000,0.0000,25.0000,-0.5000
1780395038581,4,btc-updown-5m-1780395000,SELL,UP,6.25000000,shares,6.25000000,3.8750,0.6200,tvds_strong_grid_exit_step_1_0.62_zone_near_usd_6.15_pct_0.0088_vel_neutral,true,54.3071,261,13.00,69538.7761,1.585548,0.432301,-0.020525,69532.6284,6.1478,0.008842,0.6200,0.6300,0.3700,0.4000,25.00000000,18.75000000,25.5000,3.9375,22.4375,0.8750
1780395041607,4,btc-updown-5m-1780395000,SELL,UP,18.75000000,shares,18.75000000,12.1875,0.6500,tvds_weak_exit_early_high_vol_wait_reversal_bid_ge_0.65_zone_near_usd_16.72_pct_0.0241_vel_neutral,true,54.3071,258,14.00,69549.3525,1.722762,1.181872,0.412660,69532.6284,16.7241,0.024052,0.6500,0.6600,0.3500,0.3800,18.75000000,18.75000000,25.5000,7.8125,18.7500,1.0625
1780395277368,4,btc-updown-5m-1780395000,SELL,DOWN,18.75000000,shares,18.75000000,3.7500,0.2000,emergency_15pct_time_stop_bid_ge_0.20,true,63.2714,22,92.67,69563.0998,-0.615111,-0.698985,0.062853,69532.6284,30.4714,0.043823,0.7800,0.8500,0.2000,0.2200,0.00000000,18.75000000,25.5000,20.0000,3.7500,-1.7500
1780395320010,5,btc-updown-5m-1780395300,SELL,UP,6.12980769,shares,6.12980769,3.8005,0.6200,tvds_strong_grid_exit_step_1_0.62_zone_near_usd_11.89_pct_0.0171_vel_neutral,true,66.7143,279,7.00,69563.8551,0.594348,1.249239,0.059592,69551.9682,11.8870,0.017091,0.6200,0.6300,0.3700,0.4100,24.51923077,25.50000000,25.5000,0.0000,24.6369,-0.8631
1780395348489,5,btc-updown-5m-1780395300,SELL,UP,6.12980769,shares,6.12980769,4.4135,0.7200,tvds_strong_grid_exit_step_2_0.72_zone_moderate_usd_34.04_pct_0.0489_vel_neutral,true,66.7143,251,16.33,69586.0065,0.045980,0.360663,-0.027527,69551.9682,34.0383,0.048939,0.7200,0.7400,0.2600,0.3200,18.38942308,25.50000000,25.5000,3.8005,19.8704,-1.8291
1780395389099,5,btc-updown-5m-1780395300,SELL,DOWN,25.50000000,shares,25.50000000,7.9050,0.3100,tvds_weak_exit_mid_moderate_take_30_bid_ge_0.30_zone_moderate_usd_32.20_pct_0.0463_vel_neutral,true,68.5857,210,30.00,69584.1721,-0.205732,-0.180310,0.015732,69551.9682,32.2039,0.046302,0.6900,0.7000,0.3100,0.3200,12.25961538,25.50000000,25.5000,8.2139,16.3641,-0.9219
1780395390597,5,btc-updown-5m-1780395300,SELL,UP,3.67788462,shares,3.67788462,2.7584,0.7500,tvds_strong_grid_exit_step_3_0.75_zone_moderate_usd_32.60_pct_0.0469_vel_neutral,true,68.5857,209,30.33,69584.5638,-0.182732,-0.123082,0.020617,69551.9682,32.5956,0.046865,0.7500,0.7600,0.2500,0.2600,12.25961538,0.00000000,25.5000,16.1189,9.1947,-0.1863
1780395605543,6,btc-updown-5m-1780395600,SELL,DOWN,6.25000000,shares,6.25000000,3.8750,0.6200,tvds_strong_grid_exit_step_1_0.62_zone_near_usd_14.59_pct_0.0210_vel_neutral,true,60.4929,294,2.00,69603.5597,-0.561714,-0.763849,-0.166819,69618.1469,-14.5873,-0.020953,0.3800,0.4100,0.6200,0.6300,25.00000000,25.00000000,25.5000,0.0000,25.0000,-0.5000
1780395639825,6,btc-updown-5m-1780395600,SELL,DOWN,6.25000000,shares,6.25000000,4.6250,0.7400,tvds_strong_grid_exit_step_2_0.72_zone_moderate_usd_31.06_pct_0.0446_vel_neutral,true,60.4929,260,13.33,69587.0887,-0.542383,-0.379434,0.032970,69618.1469,-31.0582,-0.044612,0.2600,0.2900,0.7400,0.7500,25.00000000,18.75000000,25.5000,3.8750,20.3750,-1.2500
1780395671168,6,btc-updown-5m-1780395600,SELL,DOWN,3.75000000,shares,3.75000000,2.8125,0.7500,tvds_strong_grid_exit_step_3_0.75_zone_moderate_usd_29.96_pct_0.0430_vel_neutral,true,60.2143,228,24.00,69588.1877,-0.290506,-0.113831,0.009879,69618.1469,-29.9592,-0.043034,0.2500,0.2600,0.7500,0.7600,25.00000000,12.50000000,25.5000,8.5000,15.6250,-1.3750
1780395957618,7,btc-updown-5m-1780395900,SELL,UP,6.25000000,shares,6.25000000,3.8750,0.6200,tvds_strong_grid_exit_step_1_0.62_zone_near_usd_8.26_pct_0.0119_vel_neutral,true,55.4786,242,19.33,69443.6387,0.720320,0.458062,-0.002987,69435.3798,8.2589,0.011894,0.6200,0.6300,0.3800,0.3900,25.00000000,25.00000000,25.5000,0.0000,25.0000,-0.5000
1780395969631,7,btc-updown-5m-1780395900,SELL,UP,6.25000000,shares,6.25000000,4.5000,0.7200,tvds_strong_grid_exit_step_2_0.72_zone_near_usd_23.57_pct_0.0339_vel_neutral,true,52.7214,230,23.33,69458.9487,0.855843,0.825781,-0.054357,69435.3798,23.5690,0.033944,0.7200,0.7300,0.2800,0.3000,18.75000000,25.00000000,25.5000,3.8750,20.5000,-1.1250
1780395977194,7,btc-updown-5m-1780395900,SELL,UP,3.75000000,shares,3.75000000,2.8125,0.7500,tvds_strong_grid_exit_step_3_0.75_zone_moderate_usd_30.15_pct_0.0434_vel_neutral,true,52.7214,222,26.00,69465.5307,1.094601,0.752682,-0.033176,69435.3798,30.1509,0.043423,0.7500,0.7600,0.2500,0.2600,12.50000000,25.00000000,25.5000,8.3750,15.6250,-1.5000
1780396018615,7,btc-updown-5m-1780395900,SELL,DOWN,25.00000000,shares,25.00000000,7.5000,0.3000,tvds_weak_exit_mid_moderate_take_30_bid_ge_0.30_zone_moderate_usd_39.92_pct_0.0575_vel_neutral,true,52.7214,181,39.67,69475.3032,-0.065213,-0.001506,0.000118,69435.3798,39.9234,0.057497,0.6900,0.7200,0.3000,0.3100,8.75000000,25.00000000,25.5000,11.1875,13.5375,-0.7750
1780396209355,8,btc-updown-5m-1780396200,SELL,UP,6.25000000,shares,6.25000000,3.8750,0.6200,tvds_strong_grid_exit_step_1_0.62_zone_near_usd_9.07_pct_0.0130_vel_neutral,true,46.2286,290,3.33,69541.9891,0.414244,0.565589,-0.003008,69532.9223,9.0668,0.013040,0.6200,0.6300,0.3800,0.3900,25.00000000,25.00000000,25.5000,0.0000,25.0000,-0.5000
1780396258304,8,btc-updown-5m-1780396200,SELL,UP,6.25000000,shares,6.25000000,4.5000,0.7200,tvds_strong_grid_exit_step_2_0.72_zone_near_usd_16.15_pct_0.0232_vel_neutral,true,46.2286,241,19.67,69549.0681,0.248599,0.272238,0.319589,69532.9223,16.1458,0.023220,0.7200,0.7300,0.3000,0.3100,18.75000000,25.00000000,25.5000,3.8750,21.0000,-0.6250
1780396287786,8,btc-updown-5m-1780396200,SELL,DOWN,6.25000000,shares,6.25000000,3.8750,0.6200,tvds_strong_grid_exit_step_1_0.62_zone_near_usd_5.37_pct_0.0077_vel_neutral,true,46.3857,212,29.33,69527.5501,-1.038854,-0.795240,0.062957,69532.9223,-5.3722,-0.007726,0.3700,0.4100,0.6200,0.6300,12.50000000,25.00000000,25.5000,8.3750,20.1250,3.0000
1780396287877,8,btc-updown-5m-1780396200,SELL,DOWN,18.75000000,shares,18.75000000,12.1875,0.6500,tvds_weak_exit_early_high_vol_wait_reversal_bid_ge_0.65_zone_near_usd_5.37_pct_0.0077_vel_neutral,true,46.3857,212,29.33,69527.5501,-1.038854,-0.795240,0.062957,69532.9223,-5.3722,-0.007726,0.3400,0.3800,0.6500,0.6600,12.50000000,18.75000000,25.5000,12.2500,16.4375,3.1875
1780396508970,9,btc-updown-5m-1780396500,SELL,UP,6.12980769,shares,6.12980769,3.8005,0.6200,tvds_strong_grid_exit_step_1_0.62_zone_near_usd_2.65_pct_0.0038_vel_neutral,true,51.2786,291,3.00,69408.5669,0.296422,-0.109991,0.009555,69405.9163,2.6506,0.003819,0.6200,0.6300,0.4000,0.4100,24.51923077,25.50000000,25.5000,0.0000,25.4019,-0.0981
1780396528294,9,btc-updown-5m-1780396500,SELL,DOWN,6.37500000,shares,6.37500000,3.9525,0.6200,tvds_strong_grid_exit_step_1_0.62_zone_near_usd_19.20_pct_0.0277_vel_neutral,true,51.2786,271,9.67,69386.7171,-1.092489,-2.513892,-1.696685,69405.9163,-19.1991,-0.027662,0.3800,0.4100,0.6200,0.6300,18.38942308,25.50000000,25.5000,3.8005,22.7980,1.0985
1780396528411,9,btc-updown-5m-1780396500,SELL,DOWN,19.12500000,shares,19.12500000,12.4313,0.6500,tvds_weak_exit_early_high_vol_wait_reversal_bid_ge_0.65_zone_near_usd_19.20_pct_0.0277_vel_neutral,true,51.2786,271,9.67,69386.7171,-1.092489,-2.513892,-1.696685,69405.9163,-19.1991,-0.027662,0.3400,0.4100,0.6500,0.6600,18.38942308,19.12500000,25.5000,7.7530,18.6837,0.9366
1780396772610,9,btc-updown-5m-1780396500,SELL,UP,18.38942308,shares,18.38942308,3.6779,0.2000,emergency_15pct_time_stop_bid_ge_0.20,true,47.8143,27,91.00,69363.6423,0.434799,0.770947,0.130482,69405.9163,-42.2740,-0.060908,0.2000,0.2100,0.8000,0.9300,18.38942308,0.00000000,25.5000,20.1842,3.6779,-1.6379
1780396822616,10,btc-updown-5m-1780396800,SELL,UP,6.12980769,shares,6.12980769,3.8005,0.6200,tvds_strong_grid_exit_step_1_0.62_zone_near_usd_7.45_pct_0.0107_vel_neutral,true,48.8786,277,7.67,69383.7289,-0.380532,-0.079529,0.007407,69391.1806,-7.4517,-0.010739,0.6200,0.6300,0.3800,0.4200,24.51923077,25.50000000,25.5000,0.0000,24.8919,-0.6081
1780396876582,10,btc-updown-5m-1780396800,SELL,DOWN,6.37500000,shares,6.37500000,4.1437,0.6500,tvds_strong_grid_exit_step_1_0.62_zone_near_usd_1.61_pct_0.0023_vel_neutral,true,49.1429,223,25.67,69392.7945,-0.362734,-0.508763,0.042662,69391.1806,1.6139,0.002326,0.3500,0.4100,0.6500,0.6600,18.38942308,25.50000000,25.5000,3.8005,23.0113,1.3118
1780396876583,10,btc-updown-5m-1780396800,SELL,DOWN,25.50000000,shares,25.50000000,16.5750,0.6500,tvds_weak_exit_early_high_vol_wait_reversal_bid_ge_0.65_zone_near_usd_1.61_pct_0.0023_vel_neutral,true,49.1429,223,25.67,69392.7945,-0.362734,-0.508763,0.042662,69391.1806,1.6139,0.002326,0.3500,0.4100,0.6500,0.6600,18.38942308,25.50000000,25.5000,3.8005,23.0113,1.3118
1780397059640,10,btc-updown-5m-1780396800,SELL,UP,18.38942308,shares,18.38942308,3.6779,0.2000,emergency_15pct_time_stop_bid_ge_0.20,true,46.5143,40,86.67,69366.6906,-0.701530,-0.348038,0.124975,69391.1806,-24.4900,-0.035293,0.2000,0.2100,0.7900,0.8200,18.38942308,0.00000000,25.5000,20.3755,3.6779,-1.4466
1780397105018,11,btc-updown-5m-1780397100,SELL,UP,6.25000000,shares,6.25000000,3.8750,0.6200,tvds_strong_grid_exit_step_1_0.62_zone_near_usd_0.09_pct_0.0001_vel_neutral,true,47.1571,294,2.00,69369.0082,-0.918523,-0.443436,0.044030,69368.9185,0.0897,0.000129,0.6200,0.6300,0.3800,0.4200,25.00000000,25.00000000,25.5000,0.0000,25.0000,-0.5000
1780397106931,11,btc-updown-5m-1780397100,SELL,UP,6.25000000,shares,6.25000000,4.5625,0.7300,tvds_strong_grid_exit_step_2_0.72_zone_near_usd_17.28_pct_0.0249_vel_neutral,true,47.1571,293,2.33,69386.2000,-0.051292,0.994974,1.349923,69368.9185,17.2814,0.024912,0.7300,0.7400,0.2700,0.3200,18.75000000,25.00000000,25.5000,3.8750,20.4375,-1.1875
1780397107279,11,btc-updown-5m-1780397100,SELL,UP,3.75000000,shares,3.75000000,2.8125,0.7500,tvds_strong_grid_exit_step_3_0.75_zone_near_usd_17.28_pct_0.0249_vel_neutral,true,47.1571,292,2.67,69386.2000,-0.051292,0.994974,1.349923,69368.9185,17.2814,0.024912,0.7500,0.7600,0.2500,0.3400,12.50000000,25.00000000,25.5000,8.4375,15.6250,-1.4375
1780397221969,11,btc-updown-5m-1780397100,SELL,DOWN,25.00000000,shares,25.00000000,7.5000,0.3000,tvds_weak_exit_mid_moderate_take_30_bid_ge_0.30_zone_moderate_usd_38.90_pct_0.0561_vel_neutral,true,45.2643,178,40.67,69407.8217,-0.299647,-0.502919,0.012429,69368.9185,38.9032,0.056082,0.7000,0.7300,0.3000,0.3100,8.75000000,25.00000000,25.5000,11.2500,13.6250,-0.6250
1780397406426,12,btc-updown-5m-1780397400,SELL,UP,6.12980769,shares,6.12980769,3.8005,0.6200,tvds_strong_grid_exit_step_1_0.62_zone_near_usd_0.17_pct_0.0002_vel_neutral,true,39.1786,293,2.33,69380.1900,0.151860,0.240487,0.111343,69380.0189,0.1712,0.000247,0.6200,0.6300,0.3800,0.4000,24.51923077,25.50000000,25.5000,0.0000,24.8919,-0.6081
1780397456897,12,btc-updown-5m-1780397400,SELL,UP,6.12980769,shares,6.12980769,4.4135,0.7200,tvds_strong_grid_exit_step_2_0.72_zone_near_usd_23.81_pct_0.0343_vel_neutral,true,39.1786,243,19.00,69403.8326,-0.021936,-0.003739,-0.073009,69380.0189,23.8138,0.034324,0.7200,0.7300,0.3000,0.3100,18.38942308,25.50000000,25.5000,3.8005,20.8904,-0.8091
1780397463150,12,btc-updown-5m-1780397400,SELL,UP,3.67788462,shares,3.67788462,2.7952,0.7600,tvds_strong_grid_exit_step_3_0.75_zone_moderate_usd_28.25_pct_0.0407_vel_neutral,true,38.9357,236,21.33,69408.2738,0.198921,0.248134,0.012118,69380.0189,28.2550,0.040725,0.7600,0.7700,0.2400,0.2800,12.25961538,25.50000000,25.5000,8.2139,15.4373,-1.8488
1780397776135,13,btc-updown-5m-1780397700,SELL,UP,6.34615385,shares,6.34615385,3.9346,0.6200,tvds_strong_grid_exit_step_1_0.62_zone_near_usd_5.95_pct_0.0086_vel_neutral,true,41.1929,223,25.67,69563.9387,0.840089,0.853760,0.025662,69557.9845,5.9542,0.008560,0.6200,0.6300,0.3700,0.3900,25.38461538,33.60000000,30.0000,0.0000,28.1705,-1.8295
1780397789433,13,btc-updown-5m-1780397700,SELL,DOWN,33.60000000,shares,33.60000000,12.0960,0.3600,tvds_weak_exit_mid_moderate_take_30_bid_ge_0.30_zone_moderate_usd_26.35_pct_0.0379_vel_neutral,true,41.1929,210,30.00,69584.3319,1.733166,1.112237,-0.084022,69557.9845,26.3473,0.037878,0.6400,0.6500,0.3600,0.3700,19.03846154,33.60000000,30.0000,3.9346,24.2806,-1.7848
1780397879367,13,btc-updown-5m-1780397700,SELL,UP,6.34615385,shares,6.34615385,4.2519,0.6700,tvds_strong_grid_exit_step_2_0.66_zone_near_usd_11.57_pct_0.0166_vel_neutral,true,42.4286,120,60.00,69569.5558,-0.385177,-0.083257,-0.019342,69557.9845,11.5713,0.016635,0.6700,0.6800,0.3200,0.3300,19.03846154,0.00000000,30.0000,16.0306,12.7558,-1.2136
1780397882474,13,btc-updown-5m-1780397700,SELL,UP,3.80769231,shares,3.80769231,2.8558,0.7500,tvds_strong_grid_exit_step_3_0.75_zone_near_usd_12.57_pct_0.0181_vel_neutral,true,42.2286,117,61.00,69570.5595,-0.355231,0.003403,0.000369,69557.9845,12.5749,0.018078,0.7500,0.7600,0.2600,0.3000,12.69230769,0.00000000,30.0000,20.2825,9.5192,-0.1982
1780398018862,14,btc-updown-5m-1780398000,SELL,DOWN,8.40000000,shares,8.40000000,5.2920,0.6300,tvds_strong_grid_exit_step_1_0.62_zone_near_usd_9.08_pct_0.0131_vel_neutral,true,39.2000,281,6.33,69539.0019,-0.679443,-0.447285,-0.160905,69548.0809,-9.0790,-0.013054,0.3700,0.4300,0.6300,0.6400,25.38461538,33.60000000,30.0000,0.0000,30.5603,0.5603
1780398108294,14,btc-updown-5m-1780398000,SELL,DOWN,8.40000000,shares,8.40000000,6.0480,0.7200,tvds_strong_grid_exit_step_2_0.72_zone_near_usd_22.88_pct_0.0329_vel_neutral,true,40.0143,191,36.33,69525.2030,-0.571448,-0.757811,-0.213342,69548.0809,-22.8779,-0.032895,0.2800,0.2900,0.7200,0.7300,25.38461538,25.20000000,30.0000,5.2920,25.2517,0.5437
1780398118037,14,btc-updown-5m-1780398000,SELL,DOWN,5.04000000,shares,5.04000000,3.7800,0.7500,tvds_strong_grid_exit_step_3_0.75_zone_near_usd_23.96_pct_0.0344_vel_neutral,true,40.0143,181,39.67,69524.1237,-0.640854,-0.483110,-0.191432,69548.0809,-23.9572,-0.034447,0.2400,0.2500,0.7500,0.7600,25.38461538,16.80000000,30.0000,11.3400,18.6923,0.0323
1780398183953,14,btc-updown-5m-1780398000,SELL,UP,25.38461538,shares,25.38461538,5.0769,0.2000,tvds_weak_exit_late_moderate_take_20_bid_ge_0.20_zone_moderate_usd_48.05_pct_0.0691_vel_neutral,true,39.3000,116,61.33,69500.0343,0.614914,0.607933,0.035949,69548.0809,-48.0465,-0.069084,0.2000,0.2700,0.7300,0.8300,25.38461538,11.76000000,30.0000,15.1200,13.6617,-1.2183
1780398354346,15,btc-updown-5m-1780398300,SELL,DOWN,7.35294118,shares,7.35294118,4.5588,0.6200,tvds_strong_grid_exit_step_1_0.62_zone_near_usd_5.83_pct_0.0084_vel_neutral,true,39.2214,245,18.33,69478.9374,-0.880740,-0.838813,-0.019333,69484.7679,-5.8306,-0.008391,0.3800,0.3900,0.6200,0.6300,29.41176471,29.41176471,30.0000,0.0000,29.4118,-0.5882
1780398442131,15,btc-updown-5m-1780398300,SELL,DOWN,7.35294118,shares,7.35294118,5.2941,0.7200,tvds_strong_grid_exit_step_2_0.72_zone_near_usd_11.01_pct_0.0158_vel_neutral,true,35.7214,157,47.67,69473.7604,-0.582354,-0.580034,0.037579,69484.7679,-11.0075,-0.015842,0.2700,0.2800,0.7200,0.7300,29.41176471,22.05882353,30.0000,4.5588,23.8235,-1.6176
1780398482650,15,btc-updown-5m-1780398300,SELL,DOWN,4.41176471,shares,4.41176471,3.3088,0.7500,tvds_strong_grid_exit_step_3_0.75_zone_near_usd_16.98_pct_0.0244_vel_neutral,true,30.8000,117,61.00,69467.7843,-0.001204,-0.021353,-0.008979,69484.7679,-16.9836,-0.024442,0.1600,0.2700,0.7500,0.8400,29.41176471,14.70588235,30.0000,9.8529,15.7353,-4.4118
1780398492277,15,btc-updown-5m-1780398300,SELL,UP,29.41176471,shares,29.41176471,5.8824,0.2000,tvds_weak_exit_late_moderate_take_20_bid_ge_0.20_zone_moderate_usd_30.28_pct_0.0436_vel_neutral,true,30.8000,107,64.33,69454.4870,-0.665051,-0.660856,0.057972,69484.7679,-30.2810,-0.043579,0.2000,0.2400,0.7800,0.8400,29.41176471,10.29411765,30.0000,13.1618,13.9118,-2.9265
1780398663837,16,btc-updown-5m-1780398600,SELL,DOWN,7.35294118,shares,7.35294118,4.4118,0.6000,tvds_strong_grid_exit_step_1_0.58_zone_near_usd_0.06_pct_0.0001_vel_neutral,true,29.0643,236,21.33,69501.3140,-0.211354,-0.431357,-0.304537,69501.3750,-0.0610,-0.000088,0.4700,0.4800,0.6000,0.6100,29.41176471,29.41176471,30.0000,0.0000,31.4706,1.4706
1780398670397,16,btc-updown-5m-1780398600,SELL,DOWN,7.35294118,shares,7.35294118,4.9265,0.6700,tvds_strong_grid_exit_step_2_0.66_zone_near_usd_14.48_pct_0.0208_vel_neutral,true,29.0643,229,23.67,69486.8973,-1.069885,-1.188039,-0.022491,69501.3750,-14.4776,-0.020831,0.3500,0.3600,0.6700,0.6800,29.41176471,22.05882353,30.0000,4.4118,25.0735,-0.5147
1780398687652,16,btc-updown-5m-1780398600,SELL,DOWN,4.41176471,shares,4.41176471,3.4853,0.7900,tvds_strong_grid_exit_step_3_0.79_zone_moderate_usd_49.18_pct_0.0708_vel_with,true,29.0643,212,29.33,69452.1939,-2.018089,-2.901272,-1.389987,69501.3750,-49.1811,-0.070763,0.1900,0.2400,0.7900,0.8100,29.41176471,14.70588235,30.0000,9.3382,17.2059,-3.4559
1780398965968,17,btc-updown-5m-1780398900,SELL,DOWN,8.40000000,shares,8.40000000,5.2080,0.6200,tvds_strong_grid_exit_step_1_0.62_zone_near_usd_6.56_pct_0.0094_vel_neutral,true,35.5643,234,22.00,69444.7953,-0.362080,-0.284391,0.037421,69451.3504,-6.5551,-0.009438,0.3800,0.4000,0.6200,0.6300,25.38461538,33.60000000,30.0000,0.0000,30.4782,0.4782
1780398975697,17,btc-updown-5m-1780398900,SELL,DOWN,8.40000000,shares,8.40000000,6.0480,0.7200,tvds_strong_grid_exit_step_2_0.72_zone_near_usd_22.11_pct_0.0318_vel_neutral,true,35.5643,224,25.33,69429.2442,-0.942555,-0.964514,0.080137,69451.3504,-22.1061,-0.031830,0.2800,0.3000,0.7200,0.7300,25.38461538,25.20000000,30.0000,5.2080,25.2517,0.4597
1780398976541,17,btc-updown-5m-1780398900,SELL,DOWN,5.04000000,shares,5.04000000,3.7800,0.7500,tvds_strong_grid_exit_step_3_0.75_zone_near_usd_22.17_pct_0.0319_vel_neutral,true,35.5643,223,25.67,69429.1763,-0.946197,-0.892828,0.071686,69451.3504,-22.1741,-0.031927,0.2400,0.2500,0.7500,0.7600,25.38461538,16.80000000,30.0000,11.2560,18.6923,-0.0517
1780399212688,18,btc-updown-5m-1780399200,SELL,UP,6.34615385,shares,6.34615385,3.9346,0.6200,tvds_strong_grid_exit_step_1_0.62_zone_near_usd_8.38_pct_0.0121_vel_neutral,true,40.0714,287,4.33,69357.2197,0.364114,0.364101,-0.028191,69348.8419,8.3778,0.012081,0.6200,0.6300,0.3800,0.4000,25.38461538,33.60000000,30.0000,0.0000,28.5065,-1.4935
1780399290025,18,btc-updown-5m-1780399200,SELL,DOWN,8.40000000,shares,8.40000000,4.8720,0.5800,tvds_strong_grid_exit_step_1_0.58_zone_near_usd_8.68_pct_0.0125_vel_neutral,true,40.8857,209,30.33,69357.5235,-1.127715,-1.044447,-0.119915,69348.8419,8.6815,0.012519,0.4200,0.4500,0.5800,0.5900,19.03846154,33.60000000,30.0000,3.9346,27.4842,1.4188
1780399343443,18,btc-updown-5m-1780399200,SELL,UP,6.34615385,shares,6.34615385,4.5692,0.7200,tvds_strong_grid_exit_step_2_0.72_zone_near_usd_18.17_pct_0.0262_vel_neutral,true,42.6214,156,48.00,69367.0157,0.164158,0.363778,0.048456,69348.8419,18.1737,0.026206,0.7200,0.7300,0.2800,0.3100,19.03846154,25.20000000,30.0000,8.8066,20.7637,-0.4297
1780399349518,18,btc-updown-5m-1780399200,SELL,UP,3.80769231,shares,3.80769231,2.8558,0.7500,tvds_strong_grid_exit_step_3_0.75_zone_near_usd_18.42_pct_0.0266_vel_neutral,true,42.6214,150,50.00,69367.2637,0.405899,0.236271,-0.019849,69348.8419,18.4218,0.026564,0.7500,0.7600,0.2400,0.2800,12.69230769,25.20000000,30.0000,13.3758,15.5672,-1.0569
1780399582512,19,btc-updown-5m-1780399500,SELL,DOWN,8.40000000,shares,8.40000000,5.2080,0.6200,tvds_strong_grid_exit_step_1_0.62_zone_near_usd_6.08_pct_0.0088_vel_neutral,true,40.5286,217,27.67,69414.1312,-0.701542,-0.712831,-0.135154,69420.2131,-6.0819,-0.008761,0.3400,0.3800,0.6200,0.6600,25.38461538,33.60000000,30.0000,0.0000,29.4628,-0.5372
1780399611710,19,btc-updown-5m-1780399500,SELL,DOWN,8.40000000,shares,8.40000000,6.0480,0.7200,tvds_strong_grid_exit_step_2_0.72_zone_near_usd_4.73_pct_0.0068_vel_neutral,true,40.5286,188,37.33,69415.4867,0.279837,-0.134958,-0.054684,69420.2131,-4.7264,-0.006808,0.2800,0.3100,0.7200,0.7300,25.38461538,25.20000000,30.0000,5.2080,25.2517,0.4597
1780399612205,19,btc-updown-5m-1780399500,SELL,DOWN,5.04000000,shares,5.04000000,3.8304,0.7600,tvds_strong_grid_exit_step_3_0.75_zone_near_usd_4.73_pct_0.0068_vel_neutral,true,40.5286,187,37.67,69415.4867,0.279837,-0.134958,-0.054684,69420.2131,-4.7264,-0.006808,0.2200,0.2400,0.7600,0.7800,25.38461538,16.80000000,30.0000,11.2560,18.3526,-0.3914
1780399684980,19,btc-updown-5m-1780399500,SELL,UP,25.38461538,shares,25.38461538,5.8385,0.2300,tvds_weak_exit_late_moderate_take_20_bid_ge_0.20_zone_moderate_usd_32.32_pct_0.0466_vel_neutral,true,39.0857,115,61.67,69387.8959,0.545202,0.543338,-0.045352,69420.2131,-32.3172,-0.046553,0.2300,0.2400,0.7800,0.8100,25.38461538,11.76000000,30.0000,15.0864,15.0113,0.0977
1780400103991,21,btc-updown-5m-1780400100,SELL,UP,7.35294118,shares,7.35294118,4.5588,0.6200,tvds_strong_grid_exit_step_1_0.62_zone_near_usd_1.24_pct_0.0018_vel_neutral,true,42.5571,296,1.33,69345.6589,0.814356,0.588659,0.063623,69344.4232,1.2357,0.001782,0.6200,0.6300,0.3800,0.3900,29.41176471,29.41176471,30.0000,0.0000,29.4118,-0.5882
1780400193757,21,btc-updown-5m-1780400100,SELL,UP,7.35294118,shares,7.35294118,5.2941,0.7200,tvds_strong_grid_exit_step_2_0.72_zone_near_usd_20.83_pct_0.0300_vel_neutral,true,40.8643,206,31.33,69365.2492,0.696430,0.851248,0.649011,69344.4232,20.8260,0.030033,0.7200,0.7300,0.2800,0.2900,22.05882353,29.41176471,30.0000,4.5588,24.1176,-1.3235
1780400198774,21,btc-updown-5m-1780400100,SELL,UP,4.41176471,shares,4.41176471,3.3088,0.7500,tvds_strong_grid_exit_step_3_0.75_zone_near_usd_24.05_pct_0.0347_vel_neutral,true,40.8643,201,33.00,69368.4754,0.851734,0.761736,-0.014314,69344.4232,24.0522,0.034685,0.7500,0.7600,0.2500,0.2600,14.70588235,29.41176471,30.0000,9.8529,18.3824,-1.7647
1780400206622,21,btc-updown-5m-1780400100,SELL,DOWN,29.41176471,shares,29.41176471,8.8235,0.3000,tvds_weak_exit_mid_moderate_take_30_bid_ge_0.30_zone_moderate_usd_25.04_pct_0.0361_vel_neutral,true,40.8643,193,35.67,69369.4589,0.634322,0.449685,-0.037366,69344.4232,25.0357,0.036103,0.7000,0.7300,0.3000,0.3100,10.29411765,29.41176471,30.0000,13.1618,16.0294,-0.8088
1780400509758,22,btc-updown-5m-1780400400,SELL,UP,6.34615385,shares,6.34615385,3.6808,0.5800,tvds_strong_grid_exit_step_1_0.58_zone_near_usd_4.59_pct_0.0066_vel_neutral,true,39.3143,190,36.67,69431.8670,0.212077,0.112017,0.005180,69427.2806,4.5864,0.006606,0.5800,0.5900,0.4200,0.4300,25.38461538,33.60000000,30.0000,0.0000,28.8351,-1.1649
1780400525981,22,btc-updown-5m-1780400400,SELL,DOWN,8.40000000,shares,8.40000000,4.8720,0.5800,tvds_strong_grid_exit_step_1_0.58_zone_near_usd_2.93_pct_0.0042_vel_neutral,true,38.9714,174,42.00,69424.3483,-0.344082,-0.845017,-0.104325,69427.2806,-2.9324,-0.004224,0.4200,0.5400,0.5800,0.5900,19.03846154,33.60000000,30.0000,3.6808,27.4842,1.1649
1780400563351,22,btc-updown-5m-1780400400,SELL,DOWN,25.20000000,shares,25.20000000,16.6320,0.6600,tvds_weak_exit_mid_near_strike_wait_reversal_bid_ge_0.65_zone_near_usd_8.29_pct_0.0119_vel_neutral,true,38.9714,136,54.67,69418.9858,-0.487906,-0.296023,0.014518,69427.2806,-8.2948,-0.011948,0.3100,0.3900,0.6600,0.6900,19.03846154,25.20000000,30.0000,8.5528,22.5339,1.0867
1780400718112,23,btc-updown-5m-1780400700,SELL,DOWN,7.35294118,shares,7.35294118,4.5588,0.6200,tvds_strong_grid_exit_step_1_0.62_zone_near_usd_10.81_pct_0.0156_vel_neutral,true,35.9714,281,6.33,69371.4360,-0.570972,-0.802094,-0.198989,69382.2470,-10.8110,-0.015582,0.3800,0.4000,0.6200,0.6300,29.41176471,29.41176471,30.0000,0.0000,29.4118,-0.5882
1780400788899,23,btc-updown-5m-1780400700,SELL,UP,7.35294118,shares,7.35294118,4.5588,0.6200,tvds_strong_grid_exit_step_1_0.62_zone_near_usd_5.91_pct_0.0085_vel_neutral,true,33.9286,211,29.67,69388.1565,0.658375,0.376606,0.127659,69382.2470,5.9096,0.008517,0.6200,0.6500,0.3500,0.4100,29.41176471,22.05882353,30.0000,4.5588,25.9559,0.5147
1780400788946,23,btc-updown-5m-1780400700,SELL,UP,22.05882353,shares,22.05882353,14.3382,0.6500,tvds_weak_exit_early_high_vol_wait_reversal_bid_ge_0.65_zone_near_usd_5.91_pct_0.0085_vel_neutral,true,33.9286,211,29.67,69388.1565,0.658375,0.376606,0.127659,69382.2470,5.9096,0.008517,0.6500,0.6600,0.3500,0.4000,22.05882353,22.05882353,30.0000,9.1176,22.0588,1.1765
1780401033608,24,btc-updown-5m-1780401000,SELL,UP,6.34615385,shares,6.34615385,3.9346,0.6200,tvds_strong_grid_exit_step_1_0.62_zone_near_usd_6.36_pct_0.0092_vel_neutral,true,30.8643,266,11.33,69446.5045,0.305854,0.728135,0.192899,69440.1485,6.3560,0.009153,0.6200,0.6300,0.3700,0.4000,25.38461538,33.60000000,30.0000,0.0000,28.1705,-1.8295
1780401046519,24,btc-updown-5m-1780401000,SELL,UP,6.34615385,shares,6.34615385,4.6327,0.7300,tvds_strong_grid_exit_step_2_0.72_zone_near_usd_15.58_pct_0.0224_vel_neutral,true,30.8643,253,15.67,69455.7326,1.100206,0.780118,-0.002036,69440.1485,15.5841,0.022442,0.7300,0.7400,0.2600,0.3100,19.03846154,33.60000000,30.0000,3.9346,22.6341,-3.4313
1780401065297,24,btc-updown-5m-1780401000,SELL,DOWN,8.40000000,shares,8.40000000,5.2080,0.6200,tvds_strong_grid_exit_step_1_0.62_zone_near_usd_14.77_pct_0.0213_vel_neutral,true,31.5500,234,22.00,69454.9234,0.269874,0.071332,-0.267564,69440.1485,14.7749,0.021277,0.3800,0.4200,0.6200,0.6300,12.69230769,33.60000000,30.0000,8.5673,25.6551,4.2224
1780401065464,24,btc-updown-5m-1780401000,SELL,DOWN,25.20000000,shares,25.20000000,16.3800,0.6500,tvds_weak_exit_early_high_vol_wait_reversal_bid_ge_0.65_zone_near_usd_14.77_pct_0.0213_vel_neutral,true,31.5500,234,22.00,69454.9234,0.269874,0.071332,-0.267564,69440.1485,14.7749,0.021277,0.3100,0.3700,0.6500,0.6900,12.69230769,25.20000000,30.0000,13.7753,20.3146,4.0899
1780401148175,24,btc-updown-5m-1780401000,SELL,UP,3.80769231,shares,3.80769231,2.8558,0.7500,tvds_strong_grid_exit_step_3_0.75_zone_near_usd_11.92_pct_0.0172_vel_neutral,true,30.2714,151,49.67,69452.0693,1.208440,1.039022,0.102067,69440.1485,11.9207,0.017167,0.7500,0.7600,0.2500,0.2700,12.69230769,0.00000000,30.0000,30.1553,9.5192,9.6745
1780401340781,25,btc-updown-5m-1780401300,SELL,DOWN,6.64062500,shares,6.64062500,4.3828,0.6600,tvds_strong_grid_exit_step_1_0.62_zone_near_usd_10.56_pct_0.0152_vel_neutral,true,35.1286,259,13.67,69478.6392,-0.084511,-0.165544,-0.009206,69489.2040,-10.5648,-0.015203,0.3400,0.4000,0.6600,0.6700,24.05660377,26.56250000,25.5000,0.0000,25.7105,0.2105
1780401368195,25,btc-updown-5m-1780401300,SELL,DOWN,6.64062500,shares,6.64062500,4.7812,0.7200,tvds_strong_grid_exit_step_2_0.72_zone_near_usd_18.27_pct_0.0263_vel_neutral,true,35.1643,231,23.00,69470.9323,0.037842,-0.150976,-0.019850,69489.2040,-18.2717,-0.026294,0.2700,0.3000,0.7200,0.7300,24.05660377,19.92187500,25.5000,4.3828,20.8390,-0.2782
1780401368375,25,btc-updown-5m-1780401300,SELL,DOWN,3.98437500,shares,3.98437500,3.0281,0.7600,tvds_strong_grid_exit_step_3_0.75_zone_near_usd_18.27_pct_0.0263_vel_neutral,true,35.1643,231,23.00,69470.9323,0.037842,-0.150976,-0.019850,69489.2040,-18.2717,-0.026294,0.2400,0.2900,0.7600,0.7700,24.05660377,13.28125000,25.5000,9.1641,15.8673,-0.4686
1780401389249,25,btc-updown-5m-1780401300,SELL,UP,24.05660377,shares,24.05660377,7.2170,0.3000,tvds_weak_exit_mid_moderate_take_30_bid_ge_0.30_zone_moderate_usd_25.87_pct_0.0372_vel_neutral,true,35.1643,210,30.00,69463.3303,0.080679,0.119926,0.062489,69489.2040,-25.8737,-0.037234,0.3000,0.3100,0.7100,0.7200,24.05660377,9.29687500,25.5000,12.1922,13.8178,0.5099
1780401607555,26,btc-updown-5m-1780401600,SELL,DOWN,8.40000000,shares,8.40000000,5.2080,0.6200,tvds_strong_grid_exit_step_1_0.62_zone_near_usd_9.20_pct_0.0133_vel_neutral,true,37.3643,292,2.67,69357.2529,-1.669411,-1.571430,-0.004818,69366.4549,-9.2020,-0.013266,0.4700,0.4800,0.6200,0.6300,25.88235294,33.60000000,30.0000,0.0000,32.9967,2.9967
1780401612931,26,btc-updown-5m-1780401600,SELL,DOWN,8.40000000,shares,8.40000000,6.3840,0.7600,tvds_strong_grid_exit_step_2_0.75_zone_moderate_usd_25.61_pct_0.0369_vel_with,true,37.3643,287,4.33,69340.8466,-2.163122,-2.025128,0.126195,69366.4549,-25.6083,-0.036917,0.2300,0.2400,0.7600,0.7700,25.88235294,25.20000000,30.0000,5.2080,25.1049,0.3129
1780401613047,26,btc-updown-5m-1780401600,SELL,DOWN,5.04000000,shares,5.04000000,3.9816,0.7900,tvds_strong_grid_exit_step_3_0.79_zone_moderate_usd_25.61_pct_0.0369_vel_with,true,37.3643,286,4.67,69340.8466,-2.163122,-2.025128,0.126195,69366.4549,-25.6083,-0.036917,0.2200,0.2400,0.7900,0.8000,25.88235294,16.80000000,30.0000,11.5920,18.9661,0.5581
1780401699498,26,btc-updown-5m-1780401600,SELL,UP,25.88235294,shares,25.88235294,7.7647,0.3000,tvds_weak_exit_mid_moderate_take_30_bid_ge_0.30_zone_moderate_usd_33.45_pct_0.0482_vel_neutral,true,40.6143,200,33.33,69333.0079,0.351929,0.385854,-0.038952,69366.4549,-33.4470,-0.048218,0.3000,0.3100,0.7200,0.7300,25.88235294,11.76000000,30.0000,15.5736,16.2319,1.8055
1780401903171,27,btc-updown-5m-1780401900,SELL,DOWN,6.50510204,shares,6.50510204,4.0332,0.6200,tvds_strong_grid_exit_step_1_0.62_zone_near_usd_20.83_pct_0.0300_vel_neutral,true,45.9000,296,1.33,69379.6028,-1.425406,-2.272331,-0.472588,69400.4372,-20.8343,-0.030020,0.3800,0.4000,0.6200,0.6300,24.05660377,26.02040816,25.5000,0.0000,25.2742,-0.2258
1780401905196,27,btc-updown-5m-1780401900,SELL,DOWN,6.50510204,shares,6.50510204,4.6837,0.7200,tvds_strong_grid_exit_step_2_0.72_zone_near_usd_21.93_pct_0.0316_vel_neutral,true,45.9000,294,2.00,69378.5031,-1.480984,-2.008745,0.115322,69400.4372,-21.9341,-0.031605,0.2700,0.3900,0.7200,0.7300,24.05660377,19.51530612,25.5000,4.0332,20.5463,-0.9205
1780401916485,27,btc-updown-5m-1780401900,SELL,DOWN,3.90306122,shares,3.90306122,3.0054,0.7700,tvds_strong_grid_exit_step_3_0.75_zone_moderate_usd_28.75_pct_0.0414_vel_neutral,true,45.9000,283,5.67,69371.6859,-1.844819,-1.318703,-0.225597,69400.4372,-28.7512,-0.041428,0.2100,0.3000,0.7700,0.7900,24.05660377,13.01020408,25.5000,8.7168,15.0697,-1.7134
1780402029485,27,btc-updown-5m-1780401900,SELL,UP,24.05660377,shares,24.05660377,7.9387,0.3300,tvds_weak_exit_mid_moderate_take_30_bid_ge_0.30_zone_moderate_usd_50.38_pct_0.0726_vel_neutral,true,60.9786,170,43.33,69350.0537,3.338116,2.196276,-1.544718,69400.4372,-50.3834,-0.072598,0.3300,0.3400,0.6700,0.7300,24.05660377,9.10714286,25.5000,11.7222,14.0405,0.2627
1780402241410,28,btc-updown-5m-1780402200,SELL,DOWN,6.25000000,shares,6.25000000,4.0000,0.6400,tvds_strong_grid_exit_step_1_0.62_zone_near_usd_9.14_pct_0.0132_vel_neutral,true,61.8929,258,14.00,69384.6500,-0.086489,0.039848,-0.003389,69375.5073,9.1427,0.013179,0.3500,0.5000,0.6400,0.6500,25.00000000,25.00000000,25.5000,0.0000,24.7500,-0.7500
1780402241727,28,btc-updown-5m-1780402200,SELL,DOWN,6.25000000,shares,6.25000000,4.6250,0.7400,tvds_strong_grid_exit_step_2_0.72_zone_near_usd_9.14_pct_0.0132_vel_neutral,true,61.8929,258,14.00,69384.6500,-0.086489,0.039848,-0.003389,69375.5073,9.1427,0.013179,0.2500,0.3700,0.7400,0.7500,25.00000000,18.75000000,25.5000,4.0000,20.1250,-1.3750
1780402241736,28,btc-updown-5m-1780402200,SELL,DOWN,3.75000000,shares,3.75000000,2.8125,0.7500,tvds_strong_grid_exit_step_3_0.75_zone_near_usd_9.14_pct_0.0132_vel_neutral,true,61.8929,258,14.00,69384.6500,-0.086489,0.039848,-0.003389,69375.5073,9.1427,0.013179,0.2500,0.3700,0.7500,0.7600,25.00000000,12.50000000,25.5000,8.6250,15.6250,-1.2500
1780402520110,29,btc-updown-5m-1780402500,SELL,UP,6.12980769,shares,6.12980769,3.8005,0.6200,tvds_strong_grid_exit_step_1_0.62_zone_near_usd_17.05_pct_0.0246_vel_neutral,true,66.7214,279,7.00,69268.9439,0.854602,1.071767,0.615501,69251.8945,17.0494,0.024619,0.6200,0.6300,0.3900,0.4100,24.51923077,25.50000000,25.5000,0.0000,25.1469,-0.3531
1780402581806,29,btc-updown-5m-1780402500,SELL,DOWN,6.37500000,shares,6.37500000,3.9525,0.6200,tvds_strong_grid_exit_step_1_0.62_zone_near_usd_16.69_pct_0.0241_vel_neutral,true,64.5143,218,27.33,69235.2068,-1.438188,-1.196104,0.017298,69251.8945,-16.6877,-0.024097,0.3800,0.4100,0.6200,0.6300,18.38942308,25.50000000,25.5000,3.8005,22.7980,1.0985
1780402586706,29,btc-updown-5m-1780402500,SELL,DOWN,19.12500000,shares,19.12500000,12.4313,0.6500,tvds_weak_exit_early_high_vol_wait_reversal_bid_ge_0.65_zone_near_usd_18.06_pct_0.0261_vel_neutral,true,64.5143,213,29.00,69233.8311,-1.466725,-0.949027,0.094290,69251.8945,-18.0634,-0.026084,0.3500,0.3700,0.6500,0.6600,18.38942308,19.12500000,25.5000,7.7530,18.8675,1.1205
1780402808950,30,btc-updown-5m-1780402800,SELL,UP,5.11202830,shares,5.11202830,3.1695,0.6200,tvds_strong_grid_exit_step_1_0.62_zone_near_usd_2.00_pct_0.0029_vel_neutral,true,63.3786,291,3.00,69152.5286,0.212738,0.208152,0.097861,69150.5325,1.9961,0.002887,0.6200,0.6300,0.3800,0.4100,20.44811321,22.11734694,21.6750,0.0000,21.0824,-0.5926
1780402872428,30,btc-updown-5m-1780402800,SELL,UP,5.11202830,shares,5.11202830,3.7318,0.7300,tvds_strong_grid_exit_step_2_0.72_zone_moderate_usd_25.87_pct_0.0374_vel_neutral,true,54.0500,227,24.33,69176.3987,1.142938,0.962965,0.081912,69150.5325,25.8662,0.037406,0.7300,0.7400,0.2700,0.3300,15.33608491,22.11734694,21.6750,3.1695,17.1670,-1.3385
1780402872654,30,btc-updown-5m-1780402800,SELL,UP,3.06721698,shares,3.06721698,2.3004,0.7500,tvds_strong_grid_exit_step_3_0.75_zone_moderate_usd_25.87_pct_0.0374_vel_neutral,true,54.0500,227,24.33,69176.3987,1.142938,0.962965,0.081912,69150.5325,25.8662,0.037406,0.7500,0.7600,0.2500,0.2800,10.22405660,22.11734694,21.6750,6.9012,13.1974,-1.5764
1780403108310,31,btc-updown-5m-1780403100,SELL,DOWN,5.52933673,shares,5.52933673,3.4282,0.6200,tvds_strong_grid_exit_step_1_0.62_zone_near_usd_0.25_pct_0.0004_vel_neutral,true,58.5500,291,3.00,69308.7971,0.383818,0.068787,-0.005985,69308.5454,0.2517,0.000363,0.3600,0.4200,0.6200,0.6400,20.44811321,22.11734694,21.6750,0.0000,21.0741,-0.6009
1780403116168,31,btc-updown-5m-1780403100,SELL,DOWN,5.52933673,shares,5.52933673,3.9811,0.7200,tvds_strong_grid_exit_step_2_0.72_zone_moderate_usd_29.76_pct_0.0429_vel_neutral,true,58.5500,283,5.67,69278.7824,-1.492816,-1.699463,-0.315620,69308.5454,-29.7630,-0.042943,0.2800,0.3000,0.7200,0.7300,20.44811321,16.58801020,21.6750,3.4282,17.6688,-0.5780
1780403116776,31,btc-updown-5m-1780403100,SELL,DOWN,3.31760204,shares,3.31760204,2.4882,0.7500,tvds_strong_grid_exit_step_3_0.75_zone_moderate_usd_39.74_pct_0.0573_vel_neutral,true,58.5500,283,5.67,69268.8027,-1.996572,-2.361508,-0.662046,69308.5454,-39.7426,-0.057342,0.3300,0.3400,0.7500,0.7600,20.44811321,11.05867347,21.6750,7.4093,15.0419,0.7762
